a,a,i,aa,u,a
aa,a,uu,aa,ii,aa
i,aa,i,ii,a,i
ii,i,aa,aa,ii,ii
u,uu,u,da,tha,u
uu,ra,u,uu,dha,uu
e,e,o,ai,aM,e
ai,e,ai,o,u,ai
o,aM,aH,o,au,o
au,aH,o,aM,au,au
aM,o,aH,au,aM,aM
aH,aH,o,au,aM,aH
ka,kha,ga,ka,gha,ka
kha,gha,ka,kha,ga,kha
ga,ga,ka,kha,gha,ga
gha,ga,ka,kha,gha,gha
cha,cha,ja,jha,Cha,cha
Cha,ja,cha,Cha,jha,Cha
ja,jha,cha,Cha,ja,ja
jha,j,cha,ja,jha,jha
Ta,Ta,tha,dha,da,Ta
Tha,da,dha,Tha,ta,Tha
Da,tha,ta,dha,Da,Da
Dha,da,Dha,tha,ta,Dha
Na,aN,Na,Na,nn,Na
ta,tha,ta,dha,da,ta
tha,tha,dha,da,ta,tha
da,dha,ta,da,tha,da
dha,tha,ta,da,dha,dha
na,na,na,NN,aN,na
pa,pa,bha,ba,pha,pa
pha,ba,bha,pa,pha,pha
ba,bha,pa,ba,pha,ba
bha,pa,bha,ba,pha,bha
ma,ma,ya,ra,la,ma
ya,ra,ya,la,ma,ya
ra,la,ra,ma,ya,ra
la,ra,la,ya,ma,la
va,la,ya,ma,va,va
sha,sha,ha,Sha,sa,sha
Sha,sa,Sha,sha,ha,Sha
sa,Sha,sha,ha,sa,sa
ha,haa,sha,ha,ha,ha
kSa,kha,kSa,Ka,kha,kSa
tra,tra,Ja,ka,kSa,tra
